scheme,window,w,S_GC,lo,hi,mean_k,N
betabinomial,Neutral,25,0.8796664136667524,0.8742478668002674,0.8835298061476011,4.2075012520212525,5149.84
betabinomial,Neutral,50,0.827807382589641,0.8172630555748197,0.8369430557409338,3.1456283163860133,2965.12
betabinomial,Neutral,75,0.7803283266302797,0.7719177210374254,0.7902211755068606,2.6851716768012204,2052.24
betabinomial,Neutral,100,0.7262470160277978,0.7119103851628782,0.7407804563412077,2.3826879454865257,1584.92
betabinomial,Neutral,150,0.6195902730948104,0.6065009560229445,0.6367984586727053,2.047853560381496,1042.16
betabinomial,Neutral,200,0.5334516167608233,0.5193761356753482,0.5482849604221636,1.8179974774744982,762.16
betabinomial,Neutral,300,0.36012896942615663,0.31635494504518114,0.3850563508985684,1.585311032092337,479.0
betabinomial,Neutral,400,0.19789717659333797,0.16433774834437087,0.24735202492211839,1.4690452917054042,319.64
betabinomial,Neutral,600,0.11058074153750841,0.06544943820224719,0.150194075587334,1.3012622123207296,176.88
betabinomial,Neutral,800,0.08727289850844254,0.06494040984309354,0.0990990990990991,1.2610609131333028,110.96
betabinomial,Post-transition,25,0.9019444186685519,0.8971223170286795,0.9072520194808434,4.7100982878863,5398.0
betabinomial,Post-transition,50,0.8461565838993595,0.835217458318053,0.8564752538472625,3.4403339381794535,3164.84
betabinomial,Post-transition,75,0.7927086911599907,0.779992717457126,0.8067414481309909,2.92697287749221,2258.12
betabinomial,Post-transition,100,0.7582216846707546,0.7478350799779371,0.7749909785744052,2.5806294318147054,1761.68
betabinomial,Post-transition,150,0.6848396262651495,0.658709499365237,0.702893263479786,2.2123297694596427,1198.8
betabinomial,Post-transition,200,0.6317419499733694,0.590964710342471,0.6616207951070336,2.0322182885368623,882.6
betabinomial,Post-transition,300,0.5157326145588818,0.4647797441427601,0.5520346681981935,1.7798721245494988,547.24
betabinomial,Post-transition,400,0.3957103646715043,0.2625741379428564,0.44268865194407647,1.6073010873244393,395.36
betabinomial,Post-transition,600,0.14965315247399644,0.1021716872339279,0.19578059071729956,1.4176339298340759,235.28
betabinomial,Post-transition,800,0.11015854343059754,0.08178029409451915,0.177764881445863,1.2985758467704724,158.08
betabinomial,Pre-transition,25,0.8889647927382329,0.882516959712031,0.8957001873650186,4.365214341471666,5555.96
betabinomial,Pre-transition,50,0.8270585991002919,0.8152192649572351,0.8358047156251315,3.226642715969705,3185.76
betabinomial,Pre-transition,75,0.7854844535171925,0.7761251158970626,0.7958561775763674,2.743203700373167,2235.16
betabinomial,Pre-transition,100,0.740851807110422,0.7243825126322067,0.7538926764208138,2.4481540589114865,1699.76
betabinomial,Pre-transition,150,0.6340466529870735,0.615685747531541,0.6591960650884042,2.0944671669107726,1127.8
betabinomial,Pre-transition,200,0.5591704651443,0.5198820015811203,0.583742390762204,1.885126722671063,823.96
betabinomial,Pre-transition,300,0.3965776715935171,0.3398366902558519,0.44961884961884957,1.6503783072033247,495.88
betabinomial,Pre-transition,400,0.30417867022800604,0.24759448643841708,0.347169408626056,1.5127462581676625,332.68
betabinomial,Pre-transition,600,0.17674246057945747,0.1443262001156738,0.21768540154962487,1.370048316757368,187.88
betabinomial,Pre-transition,800,0.14785167224571924,0.1174674324135033,0.20464017782717414,1.314548421478936,122.76
binomial,Neutral,25,0.880059559053819,0.8753638710967665,0.8837326293570883,4.216407423053483,5131.8
binomial,Neutral,50,0.8267492338260426,0.8217934477830641,0.8319303053944144,3.1483601674480095,2965.16
binomial,Neutral,75,0.7821436275783904,0.7743824104984459,0.7885001004650513,2.6921181646444112,2041.12
binomial,Neutral,100,0.7260545013803117,0.7178129604541005,0.7327941804841954,2.3827047048192806,1585.4
binomial,Neutral,150,0.6096077583598412,0.6000365424224304,0.6190776748447522,2.044740186995884,1037.4
binomial,Neutral,200,0.5344727815701301,0.5246091083702399,0.5419643295139983,1.8094792479298385,755.36
binomial,Neutral,300,0.36669070151814714,0.35682590233545647,0.37884003827053625,1.5872961971337787,472.36
binomial,Neutral,400,0.19206191953964222,0.18542192429022084,0.20013735033292526,1.4603704161666473,317.4
binomial,Neutral,600,0.11322834391395857,0.09195192056441076,0.12766832034018427,1.2911718329179473,172.44
binomial,Neutral,800,0.09048516650420106,0.08256880733944955,0.09345794392523364,1.2718153655090978,109.64
binomial,Post-transition,25,0.9037970778626863,0.8991744471151994,0.9085764652552759,4.7354722314983455,5343.52
binomial,Post-transition,50,0.8440169539189978,0.8369354655899708,0.8513413769565263,3.4592997509248473,3125.72
binomial,Post-transition,75,0.7933119834449566,0.7852773131564169,0.7996769851951547,2.9583804526432216,2228.08
binomial,Post-transition,100,0.755570419609403,0.7463875565030299,0.7633009611700621,2.586471844638248,1739.84
binomial,Post-transition,150,0.7006771276597703,0.6905405405405406,0.7123326091391634,2.2321317795181868,1182.52
binomial,Post-transition,200,0.6604459541615951,0.6402411478552472,0.6724682724682725,2.0614347106414117,857.44
binomial,Post-transition,300,0.5230468464834809,0.5029927146832055,0.5422754893450197,1.80077945488772,530.04
binomial,Post-transition,400,0.41623552193993435,0.3894292246289766,0.4328698293993924,1.6083104897537257,394.2
binomial,Post-transition,600,0.14842927871990555,0.11863836603924709,0.164685182857861,1.437576617344881,220.76
binomial,Post-transition,800,0.10164869971455452,0.08674181427804616,0.12025316455696203,1.2935868230544711,159.0
binomial,Pre-transition,25,0.8904145558851081,0.8845312520301541,0.8964392392438159,4.384014027610709,5519.4
binomial,Pre-transition,50,0.826583679859009,0.8214992403839099,0.8313758660998605,3.230503945806214,3157.44
binomial,Pre-transition,75,0.7826143879908461,0.7734723606408899,0.7905170965456285,2.7549141937213095,2223.12
binomial,Pre-transition,100,0.7495007648975813,0.739845523698069,0.7599571436698419,2.4536321817086697,1689.2
binomial,Pre-transition,150,0.6247405435477312,0.6141567961630541,0.6389412620760734,2.0857277382150343,1110.68
binomial,Pre-transition,200,0.5574864749132626,0.5479263424374347,0.5764768051597284,1.8808452868892847,823.08
binomial,Pre-transition,300,0.4111895899829326,0.3939624150339864,0.4269394500926529,1.6634868489567645,487.56
binomial,Pre-transition,400,0.31881536882537514,0.30332890450102834,0.328639832410594,1.4983572468860566,329.76
binomial,Pre-transition,600,0.1774396528051202,0.17435897435897435,0.18123791102514508,1.355084571666162,191.64
binomial,Pre-transition,800,0.14620073224366498,0.12458677685950413,0.18164188752424046,1.325063862500238,118.76
binomial_full,Neutral,25,0.8814099146937113,0.8776512625729335,0.8851933712213852,4.212556291437584,5133.84
binomial_full,Neutral,50,0.8268425925399849,0.8194523425442601,0.8330990603415911,3.147790279036015,2965.96
binomial_full,Neutral,75,0.7812797100781022,0.7740473045397377,0.7872536762517116,2.692395217937348,2038.2
binomial_full,Neutral,100,0.7268465735107289,0.7165446656288298,0.7336030021890296,2.383235404187912,1587.36
binomial_full,Neutral,150,0.6119166220746401,0.6016218480355199,0.631610782527029,2.043245891807296,1036.28
binomial_full,Neutral,200,0.5358523363457236,0.525680455747105,0.5435592628786821,1.8125494345977688,754.08
binomial_full,Neutral,300,0.3662956288651565,0.3578330764148866,0.3736016333938294,1.5893600292315886,473.4
binomial_full,Neutral,400,0.18986161187791073,0.18346649370559273,0.19721678712614302,1.459741374304949,317.92
binomial_full,Neutral,600,0.11128026441333067,0.08771510198657897,0.12352941176470589,1.2917588523441323,172.24
binomial_full,Neutral,800,0.08991418229893718,0.08256880733944955,0.09381061541174396,1.2719581003564704,109.44
binomial_full,Post-transition,25,0.9061000664400851,0.9024311028891282,0.9086203988007113,4.9573118478295415,5772.52
binomial_full,Post-transition,50,0.8576256075200288,0.8520326491852221,0.8631856063685983,3.603886169329375,3405.28
binomial_full,Post-transition,75,0.8050876277659605,0.7952644298545938,0.8120217256763247,3.094440385876881,2432.64
binomial_full,Post-transition,100,0.7672017027717842,0.7577816309488249,0.7746940274515758,2.7126448072097826,1905.76
binomial_full,Post-transition,150,0.7153877237120273,0.7025663593091801,0.7281995094688593,2.2989858778695123,1305.04
binomial_full,Post-transition,200,0.6735207026225996,0.6600314458772134,0.6901732648495434,2.123508205775412,968.68
binomial_full,Post-transition,300,0.5592323051928112,0.5444289927282138,0.5699603472609805,1.8827906674593842,589.56
binomial_full,Post-transition,400,0.4583838099000449,0.43773233344424256,0.4782608695652174,1.664260235800918,437.2
binomial_full,Post-transition,600,0.1633141331222447,0.15396677465642983,0.1782290974660719,1.4667131116354302,257.52
binomial_full,Post-transition,800,0.1194276035540841,0.10425531914893617,0.13102932719953997,1.3461190902533011,187.56
binomial_full,Pre-transition,25,0.8887796145574981,0.8840281221284048,0.8934414062385407,4.354368647092323,5464.76
binomial_full,Pre-transition,50,0.8241381452081901,0.8160577692324239,0.8317394667544438,3.20808845365441,3123.32
binomial_full,Pre-transition,75,0.7802185757424717,0.7741263361531904,0.7883371298405467,2.736507842690875,2196.36
binomial_full,Pre-transition,100,0.7465306762212779,0.7337293584705877,0.7599336708489252,2.4424077768168506,1663.64
binomial_full,Pre-transition,150,0.6204645195062689,0.61095110255504,0.6296329215779356,2.072114639857146,1096.28
binomial_full,Pre-transition,200,0.5512275397133137,0.5128334245575625,0.5682947150763242,1.8725577096113455,812.68
binomial_full,Pre-transition,300,0.41155891426664454,0.3889443480352571,0.426895805792573,1.6627525605893287,476.96
binomial_full,Pre-transition,400,0.3198642888723368,0.3066615084189971,0.3304615384615385,1.4964868940392608,323.64
binomial_full,Pre-transition,600,0.18042034358830072,0.17580257464879012,0.184995544995545,1.3567620161960494,188.04
binomial_full,Pre-transition,800,0.13380927016849378,0.11168582375478928,0.1672566371681416,1.3182197248710605,115.2
block,Neutral,25,0.88206441257689,0.8736295343141706,0.8919604711618178,4.272275198489356,5399.48
block,Neutral,50,0.8276362373211136,0.8091507086482337,0.8396490098644724,3.1756470899773346,3082.04
block,Neutral,75,0.7841989646795465,0.7616346916770085,0.7996528447444552,2.706170435985044,2126.72
block,Neutral,100,0.7332314831548145,0.7041515244841392,0.7573181532063132,2.4100106848907834,1622.4
block,Neutral,150,0.6222803018884899,0.5909025111255156,0.6477089935338154,2.0597879927431286,1065.72
block,Neutral,200,0.5188587313438944,0.4619515343542804,0.5544052389532851,1.831364212737105,772.08
block,Neutral,300,0.36280823698702946,0.3038858496418702,0.3985170205594877,1.5928205822173225,484.2
block,Neutral,400,0.20218097742268581,0.15484841471881508,0.2827823115327453,1.4685984112535084,325.72
block,Neutral,600,0.11228952761186126,0.07070524412296564,0.1443001443001443,1.3188593898890293,176.96
block,Neutral,800,0.0796288401902552,0.059426847662141784,0.0928378898729303,1.2669574079682873,111.96
block,Post-transition,25,0.9052061489290193,0.897712278035383,0.9147027023375067,4.826530313767487,5650.64
block,Post-transition,50,0.8507819494039894,0.838896473922164,0.8671387838591706,3.50949232457626,3275.32
block,Post-transition,75,0.7976348294892506,0.7814073618356552,0.813689458024443,2.9796442477631477,2318.8
block,Post-transition,100,0.7578488058364721,0.7417461340206186,0.7745376465443055,2.6267337506019874,1809.12
block,Post-transition,150,0.7038383193887354,0.6772462035208398,0.7303975382419836,2.263952324440806,1229.84
block,Post-transition,200,0.6532218490069763,0.6219166952304782,0.6804065968260554,2.063250923308254,901.92
block,Post-transition,300,0.5260837723227625,0.4994774874930517,0.5576179674770774,1.8128033744569634,554.92
block,Post-transition,400,0.4092025898693169,0.3554801372725316,0.45203009759368246,1.6185407847809492,405.96
block,Post-transition,600,0.1482187344124181,0.10864608684513898,0.20508104507438382,1.432478621412303,235.0
block,Post-transition,800,0.10916661730955012,0.08359052711993889,0.1307608695652174,1.3004749792974541,164.36
block,Pre-transition,25,0.8931043851183234,0.8775822751997533,0.90302843760455,4.446862596422588,5834.72
block,Pre-transition,50,0.8368255221719337,0.8178145315573238,0.8531842398214672,3.282049698626441,3283.4
block,Pre-transition,75,0.7869301560690423,0.7647905575087895,0.8032166677820161,2.775533279568565,2294.4
block,Pre-transition,100,0.7428736713975461,0.7066515550280119,0.7668162464569951,2.4771941658173757,1741.28
block,Pre-transition,150,0.6419824873116012,0.5908409673247274,0.6730676296728115,2.110582956627168,1148.6
block,Pre-transition,200,0.5663117494812581,0.4969736842105263,0.6070696847012637,1.904439492796593,841.6
block,Pre-transition,300,0.4134295016780895,0.3412016480076868,0.4752508078057315,1.6593480373148066,503.84
block,Pre-transition,400,0.31386373478174073,0.23744712430426718,0.35479788540609813,1.5219533224219735,339.52
block,Pre-transition,600,0.1871237593554278,0.1435306795985721,0.23155117202510564,1.37854288854225,191.72
block,Pre-transition,800,0.1538517738957933,0.1019047619047619,0.20772209315189732,1.3326975648343866,121.72
hypergeometric,Neutral,25,0.881077938472314,0.8776292796249063,0.8845750035031639,4.216878306460277,5128.04
hypergeometric,Neutral,50,0.8276661816874483,0.8235851586845584,0.8317813929517789,3.150982991922125,2965.28
hypergeometric,Neutral,75,0.7829247647921284,0.7761750725471857,0.7899580764679037,2.6914868281779145,2038.88
hypergeometric,Neutral,100,0.7263557564612931,0.718419092029155,0.7362760181357301,2.3840309508050006,1583.48
hypergeometric,Neutral,150,0.6101847785386932,0.5983211705510411,0.622759453614328,2.042996484428871,1035.04
hypergeometric,Neutral,200,0.5340495062752361,0.5230747925388557,0.5430019526007485,1.8102931425599724,754.0
hypergeometric,Neutral,300,0.36678813690677486,0.3562969319888436,0.3736829208527322,1.5899635770176586,474.08
hypergeometric,Neutral,400,0.18828095302526962,0.1763924212850693,0.19573717948717947,1.4613759514463112,317.84
hypergeometric,Neutral,600,0.11259789763891231,0.09006008359456635,0.12571900371542588,1.2943916557949495,171.64
hypergeometric,Neutral,800,0.09057837906075923,0.08349481265540598,0.09345794392523364,1.2717486085976182,109.08
hypergeometric,Post-transition,25,0.9023575144421916,0.8985321436413625,0.9063351639986693,4.736121455955321,5347.12
hypergeometric,Post-transition,50,0.8437100992714184,0.8372847418853696,0.8498459181917157,3.461133573534411,3130.52
hypergeometric,Post-transition,75,0.7919962439624784,0.7850330566999183,0.7973856775155758,2.9548147655073143,2229.36
hypergeometric,Post-transition,100,0.7545869523249271,0.7491636334110032,0.7640854395190092,2.5815870062922968,1737.96
hypergeometric,Post-transition,150,0.696789224667556,0.6862172597793267,0.7078683647371992,2.2321359275527555,1183.28
hypergeometric,Post-transition,200,0.6631500943653489,0.6428659766097594,0.6806585612968592,2.0636911030536624,854.52
hypergeometric,Post-transition,300,0.5212336958479127,0.5048887637285272,0.5408055780630304,1.799848390348225,531.52
hypergeometric,Post-transition,400,0.4122255293484407,0.38232267432684114,0.442349985505846,1.6094022899222267,394.64
hypergeometric,Post-transition,600,0.1470369740319172,0.11796791443850267,0.164685182857861,1.4393854900709864,220.6
hypergeometric,Post-transition,800,0.10196405021388134,0.09202453987730061,0.11860619555451385,1.2918380542942187,160.08
hypergeometric,Pre-transition,25,0.8916460363097829,0.8877185090979219,0.8956416302729783,4.383265818453614,5521.04
hypergeometric,Pre-transition,50,0.825824451386877,0.8185592953759044,0.8335666757484939,3.2290069291456023,3156.64
hypergeometric,Pre-transition,75,0.7817225819926308,0.7762764609660658,0.7894834470089529,2.7539924957781245,2225.2
hypergeometric,Pre-transition,100,0.7480885055378481,0.7387984031866324,0.7571702507372765,2.451363736578358,1686.56
hypergeometric,Pre-transition,150,0.6234999255985926,0.6148462743148644,0.6351130704019599,2.0849567598398626,1112.44
hypergeometric,Pre-transition,200,0.552651631101174,0.5182128276276489,0.574726609963548,1.8810488497049511,823.76
hypergeometric,Pre-transition,300,0.41115234057406114,0.3898580121703854,0.42856268281069315,1.6642481239148,485.52
hypergeometric,Pre-transition,400,0.32089053790838734,0.30903614457831324,0.3294478527607362,1.4996473766491314,329.84
hypergeometric,Pre-transition,600,0.17721270235179368,0.17270045446089244,0.18123791102514508,1.3560858746217759,191.44
hypergeometric,Pre-transition,800,0.13957848492002334,0.12183779240790027,0.1761864406779661,1.3260437379522654,117.76
multinomial,Neutral,25,0.8794818849159951,0.8704447424209939,0.8834905810867962,4.225936375849481,5238.92
multinomial,Neutral,50,0.8274797759794318,0.820927148414476,0.8327375685518726,3.1570864173084976,2983.48
multinomial,Neutral,75,0.779057629263292,0.7664158224794984,0.7891434258741781,2.684844139341125,2066.96
multinomial,Neutral,100,0.7256367237470782,0.7107646011787404,0.7417390565835164,2.3910957368294086,1589.64
multinomial,Neutral,150,0.6138370080374539,0.5969631080157396,0.6290396772393351,2.049588120965247,1043.72
multinomial,Neutral,200,0.5371785059594645,0.5222827225130889,0.5537428201183052,1.8169356188928487,756.72
multinomial,Neutral,300,0.3559340993202009,0.3017780883608976,0.3929495745129756,1.583377961878048,476.96
multinomial,Neutral,400,0.18835769057987442,0.16790123456790124,0.20759539453854964,1.4594737240824756,318.92
multinomial,Neutral,600,0.0995205700058486,0.06173258003766478,0.1260032840722496,1.289808009856879,174.72
multinomial,Neutral,800,0.08803519591423131,0.08152334152334152,0.09469901168014376,1.2700334309416799,108.6
multinomial,Post-transition,25,0.9021753077666556,0.8969328179642923,0.9082498939048327,4.740098058899823,5409.48
multinomial,Post-transition,50,0.8453888399373227,0.8378907167474344,0.8538893865853713,3.4688973306226507,3141.88
multinomial,Post-transition,75,0.7901150825270469,0.7815352896163164,0.7959658583142423,2.94656729680354,2243.84
multinomial,Post-transition,100,0.7558354249675516,0.744806060519179,0.7683310963217946,2.5844936868534023,1743.12
multinomial,Post-transition,150,0.6978104629340262,0.6860116225247804,0.709516632289599,2.232650697776122,1185.04
multinomial,Post-transition,200,0.6563492902673111,0.6351545378771964,0.6722503438975964,2.0586594716073146,858.08
multinomial,Post-transition,300,0.5188174236716367,0.5015002590274569,0.5405835790226035,1.7977132914313734,532.56
multinomial,Post-transition,400,0.40251141118491207,0.3377199100984267,0.4316260954235638,1.6055522897499481,393.84
multinomial,Post-transition,600,0.1423256080447223,0.11821420363134912,0.1668118977796397,1.4362604641184822,221.8
multinomial,Post-transition,800,0.10227369468707796,0.0875,0.12132941368610159,1.291464886231556,158.76
multinomial,Pre-transition,25,0.8888904888688951,0.8843325743899701,0.8942193949712683,4.384115744449217,5625.0
multinomial,Pre-transition,50,0.8262670132561095,0.8153314076150829,0.8341322698876468,3.2399081347395655,3186.36
multinomial,Pre-transition,75,0.7845669831439425,0.7732588453486609,0.7964563089404356,2.749680940412371,2233.96
multinomial,Pre-transition,100,0.7475038984430361,0.7357252595179473,0.7577779094254566,2.452450775908201,1701.16
multinomial,Pre-transition,150,0.6265766743896632,0.6173067076292883,0.6365471149398144,2.091030759489473,1118.16
multinomial,Pre-transition,200,0.5631576734611576,0.5475206176522197,0.5721527676354607,1.8847708171275754,823.36
multinomial,Pre-transition,300,0.4100853599817107,0.3857521371794231,0.4425749559082892,1.662282546082403,487.88
multinomial,Pre-transition,400,0.31865791080509337,0.30301094412734986,0.3311229946524064,1.5021727666153089,330.04
multinomial,Pre-transition,600,0.1770048031507155,0.15741426104120404,0.18402171805313167,1.357327997655097,191.2
multinomial,Pre-transition,800,0.14205563730952658,0.10120788302606484,0.17857453281182095,1.3301370208290482,117.0
raw,Neutral,25,0.8873494969487052,0.8873494969487052,0.8873494969487052,4.619825169058222,6063.0
raw,Neutral,50,0.8519148936170213,0.8519148936170213,0.8519148936170213,3.4507801418439716,3525.0
raw,Neutral,75,0.8085021851410409,0.8085021851410409,0.8085021851410409,2.925705204608661,2517.0
raw,Neutral,100,0.7740259740259741,0.7740259740259741,0.7740259740259741,2.617142857142857,1925.0
raw,Neutral,150,0.6965098634294385,0.6965098634294385,0.6965098634294385,2.236722306525038,1318.0
raw,Neutral,200,0.5886010362694301,0.5886010362694301,0.5886010362694301,1.993782383419689,965.0
raw,Neutral,300,0.45792880258899676,0.45792880258899676,0.45792880258899676,1.7055016181229774,618.0
raw,Neutral,400,0.35697940503432496,0.35697940503432496,0.35697940503432496,1.5606407322654463,437.0
raw,Neutral,600,0.152,0.152,0.152,1.416,250.0
raw,Neutral,800,0.06790123456790123,0.06790123456790123,0.06790123456790123,1.2592592592592593,162.0
raw,Post-transition,25,0.923747517104392,0.923747517104392,0.923747517104392,6.785477819465902,9062.0
raw,Post-transition,50,0.9069644741470277,0.9069644741470277,0.9069644741470277,4.926837847344355,5686.0
raw,Post-transition,75,0.8907622892424603,0.8907622892424603,0.8907622892424603,4.10496319164094,4211.0
raw,Post-transition,100,0.8571850103275303,0.8571850103275303,0.8571850103275303,3.5975213927412217,3389.0
raw,Post-transition,150,0.8047677764077271,0.8047677764077271,0.8047677764077271,3.087546239210851,2433.0
raw,Post-transition,200,0.765295358649789,0.765295358649789,0.765295358649789,2.719409282700422,1896.0
raw,Post-transition,300,0.71781033153431,0.71781033153431,0.71781033153431,2.2960678488820356,1297.0
raw,Post-transition,400,0.6673575129533679,0.6673575129533679,0.6673575129533679,2.132642487046632,965.0
raw,Post-transition,600,0.5551782682512734,0.5551782682512734,0.5551782682512734,1.8879456706281834,589.0
raw,Post-transition,800,0.46559633027522934,0.46559633027522934,0.46559633027522934,1.6788990825688073,436.0
raw,Pre-transition,25,0.9096272459104318,0.9096272459104318,0.9096272459104318,5.205953338696702,7458.0
raw,Pre-transition,50,0.8852496564360971,0.8852496564360971,0.8852496564360971,3.879981676591846,4366.0
raw,Pre-transition,75,0.8308614704954245,0.8308614704954245,0.8308614704954245,3.2205743136636165,3169.0
raw,Pre-transition,100,0.8015453436356242,0.8015453436356242,0.8015453436356242,2.8987393249288327,2459.0
raw,Pre-transition,150,0.7513258691809075,0.7513258691809075,0.7513258691809075,2.46081319976429,1697.0
raw,Pre-transition,200,0.6543887147335423,0.6543887147335423,0.6543887147335423,2.197492163009404,1276.0
raw,Pre-transition,300,0.5611510791366906,0.5611510791366906,0.5611510791366906,1.8848920863309353,834.0
raw,Pre-transition,400,0.4570446735395189,0.4570446735395189,0.4570446735395189,1.711340206185567,582.0
raw,Pre-transition,600,0.3253012048192771,0.3253012048192771,0.3253012048192771,1.5060240963855422,332.0
raw,Pre-transition,800,0.18018018018018017,0.18018018018018017,0.18018018018018017,1.3963963963963963,222.0
