scheme,w,contrast,n_replicates,mean_difference,ci_lo,ci_hi,share_positive
betabinomial,25,Post-transition - Neutral,25,0.02227800500179956,0.016297438526537644,0.030283008199493477,1.0
betabinomial,25,Post-transition - Pre-transition,25,0.012979625930319,0.004601934606300628,0.021198406233337082,1.0
betabinomial,25,Pre-transition - Neutral,25,0.009298379071480558,0.005154401865837,0.015712686947716346,1.0
betabinomial,50,Post-transition - Neutral,25,0.018349201309718528,0.005850987279174769,0.029491751666683275,1.0
betabinomial,50,Post-transition - Pre-transition,25,0.01909798479906777,0.004477933662562261,0.031958157276571204,1.0
betabinomial,50,Pre-transition - Neutral,25,-0.0007487834893492406,-0.011259896802737823,0.011519990445049885,0.32
betabinomial,75,Post-transition - Neutral,25,0.01238036452971099,-0.00176317673255677,0.030871037056756173,0.96
betabinomial,75,Post-transition - Pre-transition,25,0.0072242376427982214,-0.010522306889354027,0.025192211126739736,0.76
betabinomial,75,Pre-transition - Neutral,25,0.0051561268869127685,-0.012571047985616635,0.018383168106879958,0.68
betabinomial,100,Post-transition - Neutral,25,0.031974668642956824,0.015682765308293514,0.04984997575085521,1.0
betabinomial,100,Post-transition - Pre-transition,25,0.01736987756033261,-0.003226745002976527,0.03555454010782308,0.96
betabinomial,100,Pre-transition - Neutral,25,0.014604791082624215,-0.00610394237982652,0.031019094224357887,0.88
betabinomial,150,Post-transition - Neutral,25,0.06524935317033913,0.039259419980892996,0.08786615309572558,1.0
betabinomial,150,Post-transition - Pre-transition,25,0.05079297327807596,0.011914069763821946,0.08103441517846936,1.0
betabinomial,150,Pre-transition - Neutral,25,0.014456379892263164,-0.016154099942243483,0.04201441810666347,0.8
betabinomial,200,Post-transition - Neutral,25,0.09829033321254613,0.057177317316650704,0.12714468208492113,1.0
betabinomial,200,Post-transition - Pre-transition,25,0.07257148482906936,0.023360190188116216,0.10886599089665185,1.0
betabinomial,200,Pre-transition - Neutral,25,0.025718848383476756,-0.022624629718614453,0.05348297194761468,0.88
betabinomial,300,Post-transition - Neutral,25,0.15560364513272507,0.10049136216437064,0.2074478117352069,1.0
betabinomial,300,Post-transition - Pre-transition,25,0.11915494296536464,0.05547077687975166,0.19599421011166732,1.0
betabinomial,300,Pre-transition - Neutral,25,0.03644870216736045,-0.03253351568816093,0.08180386622705807,0.88
betabinomial,400,Post-transition - Neutral,25,0.1978131880781663,0.06564498933862148,0.2605988594356369,1.0
betabinomial,400,Post-transition - Pre-transition,25,0.09153169444349821,-0.019872208910284087,0.16431779941210603,0.96
betabinomial,400,Pre-transition - Neutral,25,0.10628149363466814,0.03712497635102496,0.1539919506542023,1.0
betabinomial,600,Post-transition - Neutral,25,0.03907241093648803,-0.020558345583588863,0.08954754949691658,0.88
betabinomial,600,Post-transition - Pre-transition,25,-0.027089308105461053,-0.09320686240007739,0.031590222836971556,0.2
betabinomial,600,Pre-transition - Neutral,25,0.06616171904194908,0.022050665781550273,0.1095323863064862,1.0
betabinomial,800,Post-transition - Neutral,25,0.02288564492215498,-0.008215345470247428,0.09754260309274349,0.8
betabinomial,800,Post-transition - Pre-transition,25,-0.0376931288151217,-0.10673795406099226,0.021457189138170685,0.12
betabinomial,800,Pre-transition - Neutral,25,0.06057877373727668,0.025008819035507633,0.11658599063505591,1.0
binomial,25,Post-transition - Neutral,25,0.02373751880886703,0.016608759877620182,0.03139796046958775,1.0
binomial,25,Post-transition - Pre-transition,25,0.013382521977577989,0.005295360807586991,0.022265182469229348,1.0
binomial,25,Pre-transition - Neutral,25,0.010354996831289043,0.0038762871554019144,0.016989976554928263,1.0
binomial,50,Post-transition - Neutral,25,0.017267720092955203,0.007265932598067449,0.025943376899116896,1.0
binomial,50,Post-transition - Pre-transition,25,0.017433274059988735,0.009734680755867187,0.027478627819656952,1.0
binomial,50,Pre-transition - Neutral,25,-0.00016555396703353154,-0.006519395996228905,0.009366884489167338,0.44
binomial,75,Post-transition - Neutral,25,0.011168355866566166,0.0002563394808647203,0.02324732891596326,0.96
binomial,75,Post-transition - Pre-transition,25,0.010697595454110385,0.0028180513157456846,0.021696165361730024,1.0
binomial,75,Pre-transition - Neutral,25,0.0004707604124557818,-0.0122328839489791,0.011208751719262186,0.52
binomial,100,Post-transition - Neutral,25,0.029515918229091345,0.01947713597508809,0.03885609347427184,1.0
binomial,100,Post-transition - Pre-transition,25,0.006069654711821681,-0.008648912476298065,0.01864406083878178,0.68
binomial,100,Pre-transition - Neutral,25,0.023446263517269667,0.007568533003758348,0.03836656021605036,1.0
binomial,150,Post-transition - Neutral,25,0.09106936929992916,0.07418942738396217,0.10402590960772781,1.0
binomial,150,Post-transition - Pre-transition,25,0.0759365841120391,0.05879719673520985,0.09201300304950887,1.0
binomial,150,Pre-transition - Neutral,25,0.015132785187890069,0.0016756698794997418,0.030089379144682182,1.0
binomial,200,Post-transition - Neutral,25,0.12597317259146487,0.10006859686475426,0.14038656208901754,1.0
binomial,200,Post-transition - Pre-transition,25,0.10295947924833239,0.07910844863834172,0.12339793479062428,1.0
binomial,200,Pre-transition - Neutral,25,0.023013693343132476,0.007310914979901973,0.04081453713236098,1.0
binomial,300,Post-transition - Neutral,25,0.15635614496533365,0.13285341832486294,0.177764939029203,1.0
binomial,300,Post-transition - Pre-transition,25,0.11185725650054824,0.08779385593005312,0.13680821464366164,1.0
binomial,300,Pre-transition - Neutral,25,0.04449888846478544,0.02682982864063129,0.06587796461416635,1.0
binomial,400,Post-transition - Neutral,25,0.2241736024002921,0.1924957232391351,0.2403532078727387,1.0
binomial,400,Post-transition - Pre-transition,25,0.09742015311455925,0.06832830719778396,0.12395715649559721,1.0
binomial,400,Pre-transition - Neutral,25,0.1267534492857329,0.11246239001056194,0.14123979347779647,1.0
binomial,600,Post-transition - Neutral,25,0.035200934805946986,0.004943886127394346,0.06622697621329628,1.0
binomial,600,Post-transition - Pre-transition,25,-0.02901037408521463,-0.05623229397878564,-0.012002301317037507,0.0
binomial,600,Pre-transition - Neutral,25,0.06421130889116161,0.04923535000677609,0.08687440853719919,1.0
binomial,800,Post-transition - Neutral,25,0.01116353321035346,-0.005206274929055793,0.029344073647871116,0.8
binomial,800,Post-transition - Pre-transition,25,-0.04455203252911047,-0.08684213037194938,-0.013376357093590047,0.0
binomial,800,Pre-transition - Neutral,25,0.05571556573946393,0.031128832934270493,0.0913821472645002,1.0
binomial_full,25,Post-transition - Neutral,25,0.024690151746373803,0.02109402515969161,0.028102968367973324,1.0
binomial_full,25,Post-transition - Pre-transition,25,0.017320451882586956,0.0096557287318634,0.023304527918405493,1.0
binomial_full,25,Pre-transition - Neutral,25,0.007369699863786847,0.001158638212125318,0.014417988607284781,1.0
binomial_full,50,Post-transition - Neutral,25,0.03078301498004386,0.02390458731455867,0.04063223637823497,1.0
binomial_full,50,Post-transition - Pre-transition,25,0.03348746231183883,0.026158347866476063,0.041694920419786285,1.0
binomial_full,50,Pre-transition - Neutral,25,-0.0027044473317949656,-0.0121263058981665,0.010033461441779318,0.2
binomial_full,75,Post-transition - Neutral,25,0.023807917687858483,0.012420202283231662,0.03328159240398687,1.0
binomial_full,75,Post-transition - Pre-transition,25,0.02486905202348898,0.012044226554925607,0.03782454161266197,1.0
binomial_full,75,Pre-transition - Neutral,25,-0.0010611343356305002,-0.010073286549128469,0.008295473979639114,0.4
binomial_full,100,Post-transition - Neutral,25,0.040355129261055375,0.029243126419894284,0.05256654762864714,1.0
binomial_full,100,Post-transition - Pre-transition,25,0.020671026550506347,0.005014294001961451,0.03610580448060493,1.0
binomial_full,100,Pre-transition - Neutral,25,0.01968410271054903,0.0037110004772898052,0.03442934842541569,1.0
binomial_full,150,Post-transition - Neutral,25,0.10347110163738706,0.08585788429975452,0.11952051075722665,1.0
binomial_full,150,Post-transition - Pre-transition,25,0.09492320420575828,0.08146046182849039,0.10625426662043795,1.0
binomial_full,150,Pre-transition - Neutral,25,0.00854789743162876,-0.013040284471038843,0.02264711962598699,0.84
binomial_full,200,Post-transition - Neutral,25,0.13766836627687595,0.12410215638740965,0.15636566644850716,1.0
binomial_full,200,Post-transition - Pre-transition,25,0.12229316290928577,0.10112572661164457,0.16971523438071018,1.0
binomial_full,200,Pre-transition - Neutral,25,0.015375203367590195,-0.022233456204003674,0.0332300095726617,0.92
binomial_full,300,Post-transition - Neutral,25,0.19293667632765474,0.1753116838993788,0.20658520967788171,1.0
binomial_full,300,Post-transition - Pre-transition,25,0.1476733909261667,0.12793418686028457,0.16779026968394276,1.0
binomial_full,300,Pre-transition - Neutral,25,0.04526328540148803,0.023186403827783,0.06643038868646377,1.0
binomial_full,400,Post-transition - Neutral,25,0.2685221980221342,0.24305923579327743,0.28969620079550135,1.0
binomial_full,400,Post-transition - Pre-transition,25,0.1385195210277081,0.1168407098301484,0.1645645520786904,1.0
binomial_full,400,Pre-transition - Neutral,25,0.1300026769944261,0.11694631854557935,0.14549762032596528,1.0
binomial_full,600,Post-transition - Neutral,25,0.052033868708914015,0.03712078873466203,0.0845974177097247,1.0
binomial_full,600,Post-transition - Pre-transition,25,-0.01710621046605604,-0.02685591693225282,5.725748467605039e-05,0.04
binomial_full,600,Pre-transition - Neutral,25,0.06914007917497007,0.053977016839459484,0.09363187473612024,1.0
binomial_full,800,Post-transition - Neutral,25,0.029513421255146905,0.011816916430159618,0.040675779265346865,1.0
binomial_full,800,Post-transition - Pre-transition,25,-0.014381666614409696,-0.04668372549575349,0.009057995803685461,0.24
binomial_full,800,Pre-transition - Neutral,25,0.04389508786955661,0.020776732845698358,0.07774097657275227,1.0
block,25,Post-transition - Neutral,25,0.02314173635212951,0.0113036668982045,0.03639593129238429,1.0
block,25,Post-transition - Pre-transition,25,0.012101763810696062,-0.0026833487658463493,0.03146644319677479,0.92
block,25,Pre-transition - Neutral,25,0.011039972541433447,-0.0027199629673549937,0.02533427522045492,0.92
block,50,Post-transition - Neutral,25,0.023145712082875934,0.004325784092664575,0.04900823702916699,1.0
block,50,Post-transition - Pre-transition,25,0.013956427232055781,-0.005353057172230669,0.03399800720325149,0.92
block,50,Pre-transition - Neutral,25,0.009189284850820151,-0.0060400000951573276,0.03243710915778639,0.88
block,75,Post-transition - Neutral,25,0.0134358648097041,-0.008271761554496715,0.04289296011407038,0.84
block,75,Post-transition - Pre-transition,25,0.010704673420208364,-0.01897525655676724,0.03739118475333264,0.76
block,75,Pre-transition - Neutral,25,0.002731191389495735,-0.024811534076893228,0.02484666651463583,0.68
block,100,Post-transition - Neutral,25,0.024617322681657616,0.0011592000123379358,0.061006970825898364,0.96
block,100,Post-transition - Pre-transition,25,0.014975134438926094,-0.012907397190948775,0.04383682986593509,0.84
block,100,Pre-transition - Neutral,25,0.009642188242731522,-0.021517161694329934,0.041650451380798634,0.68
block,150,Post-transition - Neutral,25,0.08155801750024545,0.05088094824948546,0.1144130323628374,1.0
block,150,Post-transition - Pre-transition,25,0.061855832077134194,0.011771234249840013,0.10823860019009189,1.0
block,150,Pre-transition - Neutral,25,0.019702185423111272,-0.0234239302901204,0.0718654804165999,0.76
block,200,Post-transition - Neutral,25,0.13436311766308198,0.08031833125199724,0.20276726242792426,1.0
block,200,Post-transition - Pre-transition,25,0.0869100995257183,0.03694498050040353,0.16203371002841407,1.0
block,200,Pre-transition - Neutral,25,0.04745301813736368,-0.018719662289685645,0.12366195873968304,0.88
block,300,Post-transition - Neutral,25,0.16327553533573308,0.11076972874078041,0.2189685014273343,1.0
block,300,Post-transition - Pre-transition,25,0.11265427064467305,0.03875810439364098,0.17450652850959958,0.96
block,300,Pre-transition - Neutral,25,0.05062126469106002,-0.027516213327279344,0.12372016115289096,0.88
block,400,Post-transition - Neutral,25,0.2070216124466311,0.12743531732834812,0.2737386446787149,1.0
block,400,Post-transition - Pre-transition,25,0.09533885508757615,0.02569143880739288,0.19011784638370377,1.0
block,400,Pre-transition - Neutral,25,0.11168275735905495,0.02574493665013308,0.17206081115958993,1.0
block,600,Post-transition - Neutral,25,0.035929206800556834,-0.0141138845618283,0.10836680194632822,0.84
block,600,Post-transition - Pre-transition,25,-0.03890502494300973,-0.10664785756973495,0.0323150755446544,0.16
block,600,Pre-transition - Neutral,25,0.07483423174356657,0.03456386985213693,0.12764468102733528,1.0
block,800,Post-transition - Neutral,25,0.029537777119294905,0.004441068235935508,0.05544350492763318,1.0
block,800,Post-transition - Pre-transition,25,-0.0446851565862432,-0.10161117828082705,0.006124465222952387,0.04
block,800,Pre-transition - Neutral,25,0.0742229337055381,0.018618343889279847,0.12293455137029155,1.0
hypergeometric,25,Post-transition - Neutral,25,0.021279575969877756,0.016436094408239853,0.026052131123443265,1.0
hypergeometric,25,Post-transition - Pre-transition,25,0.010711478132408692,0.005149240841773461,0.01683241527076653,1.0
hypergeometric,25,Pre-transition - Neutral,25,0.010568097837469063,0.003679655197537124,0.017303727301442362,1.0
hypergeometric,50,Post-transition - Neutral,25,0.016043917583970124,0.006878519604917632,0.024456418033724114,1.0
hypergeometric,50,Post-transition - Pre-transition,25,0.017885647884541465,0.007127174280496429,0.027040282497491835,1.0
hypergeometric,50,Pre-transition - Neutral,25,-0.0018417303005713404,-0.010474586608039349,0.006812616560314219,0.4
hypergeometric,75,Post-transition - Neutral,25,0.009071479170350059,-0.0019664024737173543,0.01921493298480772,0.92
hypergeometric,75,Post-transition - Pre-transition,25,0.01027366196984763,-0.002564290954569869,0.01967264684595287,0.96
hypergeometric,75,Pre-transition - Neutral,25,-0.001202182799497571,-0.009985228735228713,0.01123649216638025,0.4
hypergeometric,100,Post-transition - Neutral,25,0.028231195863633932,0.015380957571472087,0.039231800691912656,1.0
hypergeometric,100,Post-transition - Pre-transition,25,0.0064984467870789955,-0.005181879842308912,0.02130412484864154,0.8
hypergeometric,100,Pre-transition - Neutral,25,0.021732749076554935,0.0070584047033212865,0.033900537502890946,1.0
hypergeometric,150,Post-transition - Neutral,25,0.08660444612886269,0.07029562233728266,0.10110759597468374,1.0
hypergeometric,150,Post-transition - Pre-transition,25,0.07328929906896327,0.05962496583761172,0.09051418713321818,1.0
hypergeometric,150,Pre-transition - Neutral,25,0.0133151470598994,0.0006972687619697829,0.027965448044796594,0.96
hypergeometric,200,Post-transition - Neutral,25,0.12910058809011285,0.10885884310577129,0.15063324625167493,1.0
hypergeometric,200,Post-transition - Pre-transition,25,0.1104984632641749,0.07917015356313917,0.14413038071894235,1.0
hypergeometric,200,Pre-transition - Neutral,25,0.01860212482593797,-0.016254707600546814,0.04025747116717797,0.92
hypergeometric,300,Post-transition - Neutral,25,0.15444555894113773,0.13635403759308518,0.17497224472969714,1.0
hypergeometric,300,Post-transition - Pre-transition,25,0.1100813552738515,0.08916954668855538,0.1393169083428988,1.0
hypergeometric,300,Pre-transition - Neutral,25,0.04436420366728624,0.024976686789897853,0.06327903235262408,1.0
hypergeometric,400,Post-transition - Neutral,25,0.22394457632317105,0.19100509504453814,0.25789260380708495,1.0
hypergeometric,400,Post-transition - Pre-transition,25,0.0913349914400533,0.056552116706958575,0.12612480774941645,1.0
hypergeometric,400,Pre-transition - Neutral,25,0.13260958488311775,0.11601154330294772,0.14606349350032932,1.0
hypergeometric,600,Post-transition - Neutral,25,0.0344390763930049,0.0011097511219910262,0.07311875676857998,0.96
hypergeometric,600,Post-transition - Pre-transition,25,-0.030175728319876468,-0.05937531165742175,-0.012923653117180228,0.0
hypergeometric,600,Pre-transition - Neutral,25,0.06461480471288138,0.049362702143482026,0.08853151670048316,1.0
hypergeometric,800,Post-transition - Neutral,25,0.011385671153122105,0.0013627724966113254,0.03041588119597518,1.0
hypergeometric,800,Post-transition - Pre-transition,25,-0.037614434706142,-0.07524879417069934,-0.008085158953391007,0.0
hypergeometric,800,Pre-transition - Neutral,25,0.049000105859264106,0.030255300825408688,0.08426724875877417,1.0
multinomial,25,Post-transition - Neutral,25,0.02269342285066044,0.014950605583599553,0.03141875635402408,1.0
multinomial,25,Post-transition - Pre-transition,25,0.0132848188977604,0.006446996861045773,0.020313495219388855,1.0
multinomial,25,Pre-transition - Neutral,25,0.009408603952900042,0.002769868831914701,0.017885622618907332,1.0
multinomial,50,Post-transition - Neutral,25,0.01790906395789092,0.007787209754152791,0.0274925543068381,1.0
multinomial,50,Post-transition - Pre-transition,25,0.019121826681213122,0.006604970700054324,0.031187598443501094,1.0
multinomial,50,Pre-transition - Neutral,25,-0.0012127627233222027,-0.01112328871575694,0.010123194756509597,0.4
multinomial,75,Post-transition - Neutral,25,0.011057453263754943,-0.0022820629045804835,0.022459699572596102,0.96
multinomial,75,Post-transition - Pre-transition,25,0.005548099383104414,-0.0074207099349449905,0.019474871693029746,0.76
multinomial,75,Pre-transition - Neutral,25,0.00550935388065053,-0.015035006488912005,0.020336052510716372,0.68
multinomial,100,Post-transition - Neutral,25,0.030198701220473367,0.01344682273393345,0.04697078419152765,1.0
multinomial,100,Post-transition - Pre-transition,25,0.00833152652451548,-0.01083153975051072,0.022466535372440675,0.8
multinomial,100,Pre-transition - Neutral,25,0.021867174695957888,0.0032228000150148267,0.04178264562148981,1.0
multinomial,150,Post-transition - Neutral,25,0.08397345489657221,0.06561321974495105,0.10314742265445714,1.0
multinomial,150,Post-transition - Pre-transition,25,0.07123378854436288,0.05532457873330687,0.0867752803036192,1.0
multinomial,150,Pre-transition - Neutral,25,0.012739666352209324,-0.0073275734715186,0.03174327227666151,0.88
multinomial,200,Post-transition - Neutral,25,0.11917078430784665,0.09254496109357298,0.1383272310902809,1.0
multinomial,200,Post-transition - Pre-transition,25,0.09319161680615355,0.06571077655415603,0.1120739391749751,1.0
multinomial,200,Pre-transition - Neutral,25,0.02597916750169311,0.009571929824561409,0.048741625616815484,1.0
multinomial,300,Post-transition - Neutral,25,0.16288332435143577,0.12147577542517428,0.22052254265204016,1.0
multinomial,300,Post-transition - Pre-transition,25,0.10873206368992604,0.08120351621484793,0.14260550289818583,1.0
multinomial,300,Pre-transition - Neutral,25,0.054151260661509715,0.007268701944941681,0.12011881365367069,1.0
multinomial,400,Post-transition - Neutral,25,0.2141537206050376,0.13892169432494633,0.2502620713259357,1.0
multinomial,400,Post-transition - Pre-transition,25,0.08385350037981866,0.017317287277721957,0.11854485807062269,0.96
multinomial,400,Pre-transition - Neutral,25,0.13030022022521898,0.10152929877938945,0.15721674403758892,1.0
multinomial,600,Post-transition - Neutral,25,0.04280503803887371,0.0023693434309830707,0.09682349908815582,0.96
multinomial,600,Post-transition - Pre-transition,25,-0.034679195105993196,-0.05954637469172273,-0.003996740162543269,0.04
multinomial,600,Pre-transition - Neutral,25,0.07748423314486691,0.04683559962710104,0.11896964633806736,1.0
multinomial,800,Post-transition - Neutral,25,0.01423849877284665,-0.005310920975625846,0.03565537060380162,0.8
multinomial,800,Post-transition - Pre-transition,25,-0.039781942622448635,-0.08174690852783377,0.008533140710326566,0.08
multinomial,800,Pre-transition - Neutral,25,0.05402044139529529,0.010948142766324581,0.09198068971350913,1.0
raw,25,Post-transition - Neutral,1,0.03639802015568672,,,1.0
raw,25,Post-transition - Pre-transition,1,0.014120271193960199,,,1.0
raw,25,Pre-transition - Neutral,1,0.022277748961726518,,,1.0
raw,50,Post-transition - Neutral,1,0.055049580530006414,,,1.0
raw,50,Post-transition - Pre-transition,1,0.021714817710930645,,,1.0
raw,50,Pre-transition - Neutral,1,0.03333476281907577,,,1.0
raw,75,Post-transition - Neutral,1,0.08226010410141937,,,1.0
raw,75,Post-transition - Pre-transition,1,0.05990081874703579,,,1.0
raw,75,Pre-transition - Neutral,1,0.022359285354383585,,,1.0
raw,100,Post-transition - Neutral,1,0.08315903630155619,,,1.0
raw,100,Post-transition - Pre-transition,1,0.05563966669190601,,,1.0
raw,100,Pre-transition - Neutral,1,0.02751936960965018,,,1.0
raw,150,Post-transition - Neutral,1,0.10825791297828857,,,1.0
raw,150,Post-transition - Pre-transition,1,0.05344190722681963,,,1.0
raw,150,Pre-transition - Neutral,1,0.054816005751468944,,,1.0
raw,200,Post-transition - Neutral,1,0.17669432238035898,,,1.0
raw,200,Post-transition - Pre-transition,1,0.11090664391624672,,,1.0
raw,200,Pre-transition - Neutral,1,0.06578767846411226,,,1.0
raw,300,Post-transition - Neutral,1,0.2598815289453132,,,1.0
raw,300,Post-transition - Pre-transition,1,0.15665925239761935,,,1.0
raw,300,Pre-transition - Neutral,1,0.10322227654769384,,,1.0
raw,400,Post-transition - Neutral,1,0.3103781079190429,,,1.0
raw,400,Post-transition - Pre-transition,1,0.21031283941384898,,,1.0
raw,400,Pre-transition - Neutral,1,0.10006526850519393,,,1.0
raw,600,Post-transition - Neutral,1,0.40317826825127334,,,1.0
raw,600,Post-transition - Pre-transition,1,0.22987706343199626,,,1.0
raw,600,Pre-transition - Neutral,1,0.1733012048192771,,,1.0
raw,800,Post-transition - Neutral,1,0.3976950957073281,,,1.0
raw,800,Post-transition - Pre-transition,1,0.28541615009504917,,,1.0
raw,800,Pre-transition - Neutral,1,0.11227894561227894,,,1.0
